ep,w,mean_delay,mean_energy,violation_rate,p95,alpha,H,c_loss
0,0.7308558067701578,27.144763554496542,0.019252751712655405,0.5,74.53074191341071,nan,nan,nan
1,0.4545898672304828,18.452420228292464,0.023808244828164182,0.36363636363636365,50.28472127765797,nan,nan,nan
2,0.09092592982038039,11.30000415911402,0.0036618205446599245,0.18181818181818182,48.54385664654635,nan,nan,nan
3,0.3949810681130538,7.534177125886941,0.016177222524211336,0.19444444444444445,31.4728784335988,nan,nan,nan
4,0.8044214253893696,14.051757114732986,0.0054816792140630856,0.24242424242424243,39.207288181977304,0.05001499876379967,0.06961507350206375,0.06084249168634415
5,0.7841668388952904,14.80118069929277,0.009374840346868817,0.3142857142857143,61.810121773657606,0.050587127916514874,0.302322715818882,0.03998337976634502
6,0.5468735102987868,15.848985805124613,0.013590264435155196,0.28888888888888886,60.29036466786972,0.05161287065595389,0.33177147328853607,0.040094362841919064
7,0.390987564806491,17.648354645421232,0.007662006687645206,0.3,60.608160788596756,0.053082620874047276,0.2901274126768112,0.04529235130175948
8,0.18267607630707183,5.239252925009466,0.022104594740493835,0.06818181818181818,21.35428573829525,0.05481092408299446,0.30086934596300124,0.04710872844792902
9,0.7413584322683303,18.546591084182918,0.017064069978218604,0.3076923076923077,62.15820868149026,0.056411425173282626,0.3163786120712757,0.042149006640538576
10,0.5805948250300117,12.328381585653924,0.010775365686244735,0.16666666666666666,32.71182631153326,0.05813048668205738,0.30985410287976267,0.03854006107896566
11,0.25839744045772106,15.656129336894447,0.01755022086168442,0.3333333333333333,52.849946331018636,0.05990301325917244,0.32495904058218,0.031227064328268172
12,0.6515012300620571,15.473523869287723,0.01720016397532835,0.24444444444444444,57.04654104680107,0.061629247404634956,0.33345485806465147,0.029022281607612967
13,0.7026068017053457,26.632409574049216,0.06820323998094799,0.5531914893617021,57.74932625979498,0.0635745607316494,0.29975467279553414,0.029328617816790938
14,0.8523820123522584,11.270183677377183,0.009161336504831663,0.1836734693877551,35.83699133168893,0.06578215397894382,0.30362615823745726,0.042147489245980975
15,0.891121524170242,11.787993434689554,0.010704420697703061,0.22413793103448276,53.33680505403573,0.06809709765017033,0.29522952616214754,0.0304040486831218
16,0.1380265846566544,8.637134797390537,0.005942326072301327,0.21052631578947367,29.817660085776826,0.07062283784151077,0.2907190252840519,0.02838687639683485
17,0.3029986443755618,14.765018345695365,0.02308943398096435,0.3684210526315789,47.73805391156373,0.07330817572772502,0.2705806604027748,0.02849795621819794
18,0.9450662508138998,22.088018475903755,0.006851609220676991,0.35294117647058826,65.33320593394572,0.0762861892580986,0.25969459623098373,0.02474593114107847
19,0.06434344449547491,16.502720049735643,0.017482616051911686,0.2631578947368421,56.76453353209436,0.07946546480059624,0.2528534276783466,0.029168230053037404
20,0.839239241317355,20.790761146846375,0.024725451057647722,0.4528301886792453,64.42556822538195,0.0827831882238388,0.2451562088727951,0.028658090103417636
21,0.360635301063272,11.29796482132911,0.005723375057029024,0.2903225806451613,40.126521868004986,0.08599427588284016,0.3049169336259365,0.04046384135261178
22,0.6095942156921805,15.94550848629822,0.025605489985883797,0.2857142857142857,41.946849277752655,0.08874815851449966,0.30603241339325904,0.03221842732280493
23,0.8707140855823174,17.54547702183177,0.024977381482439477,0.3728813559322034,49.4692277377737,0.09152242422103882,0.33256893932819365,0.03005256911739707
24,0.7389544813834342,26.336201248462316,0.025144646001060665,0.5714285714285714,62.750238286658465,0.0941633914411068,0.32924321621656416,0.03737480675801635
25,0.6622160164392565,11.639247692354672,0.025240317959033715,0.21428571428571427,25.404385739441153,0.09714159317314625,0.3250546792149544,0.03336758656427264
26,0.2581289502480767,23.274043911270457,0.011896740406953675,0.34615384615384615,78.50924710015677,0.10028855375945568,0.3254018524289131,0.03216234112158418
27,0.437509190131844,17.345018711506338,0.004267906563335047,0.32142857142857145,63.55772256641049,0.1035707002133131,0.32384670674800875,0.03370963281020522
28,0.3001713064061007,9.624575547711263,0.03199959080002841,0.12,43.97658295911089,0.10707932583987713,0.3287370878458023,0.034697148166596886
29,0.35133682095918073,12.060690305741609,0.019048123154148788,0.20634920634920634,49.2691040910101,0.11085943803191185,0.3110367372632027,0.03478931282646954
30,0.9919055014447209,8.937215365388287,0.016426482565355335,0.18518518518518517,26.88838905000951,0.11460945263504982,0.3712603226304054,0.03587784849107265
31,0.9907420931065698,15.735675355056557,0.022509149845384165,0.25,39.55862515500988,0.11695260748267174,0.41251836210489273,0.032156489863991736
32,0.15133658530673477,16.222939901490452,0.025968307305436016,0.27586206896551724,50.94724169468861,0.11906224474310875,0.4219494798779488,0.03273831157013774
33,0.4041383713818133,23.354083364509833,0.03717919684529585,0.3972602739726027,62.33734751030174,0.12099636740982532,0.44008026689291,0.03240051260218024
34,0.26244653272447993,12.979022987886653,0.032321785644767245,0.2153846153846154,42.86470064578506,0.12237413004040718,0.4703358402848244,0.0373875342682004
35,0.06040526824583026,13.664363535041995,0.010932585286110165,0.2222222222222222,54.85829762336305,0.12305736005306243,0.48034257531166075,0.03218919592909515
36,0.02091956479329815,10.240319876747813,0.004655334514405726,0.19444444444444445,35.23994832569343,0.12368994951248169,0.47270676612854,0.029881465416401624
37,0.06304957468429984,12.480538797523964,0.00407365252015357,0.25925925925925924,45.02755718146844,0.12478637367486954,0.4698238930106163,0.032380229867994784
38,0.9812297364913265,10.954606754529992,0.02849972918995524,0.2692307692307692,30.71383777020452,0.12584059551358223,0.46681697070598605,0.03273271990939975
39,0.6047002253872096,16.049839462306394,0.0390261730532062,0.288135593220339,50.9385972426752,0.12726219430565833,0.4624428650736809,0.033366971164941785
40,0.3530025071634001,9.712310399893397,0.0254244267383597,0.1506849315068493,39.23589434431594,0.12852879956364632,0.4769825628399849,0.02841709941625595
41,0.9159784581802726,10.715590598600366,0.05365843578485497,0.14754098360655737,40.320664188380256,0.129028567224741,0.498634769320488,0.0276963303796947
42,0.6901763205044271,13.154104055367391,0.04990313802057353,0.25,39.74270086176824,0.12897643879055976,0.5040531519055367,0.027592920009046795
43,0.561146668882072,8.819796462171148,0.043487608122422916,0.11392405063291139,23.534107466972667,0.12872782573103905,0.5084625098109246,0.030012579020112753
44,0.22688694298719492,9.731178941640957,0.013088937737791588,0.21818181818181817,40.48779741646424,0.12787600472569466,0.5271132874488831,0.029426484685391188
45,0.3355870602530725,16.940580969030712,0.012296903344527833,0.3333333333333333,56.61497353835589,0.12669468715786933,0.5271895006299019,0.03296288134530187
46,0.8642775395126797,4.437881009126972,0.05843978751337254,0.06315789473684211,22.680908810085793,0.1254688372462988,0.52152483522892,0.029610228519886733
47,0.09406156957617151,17.544617487137142,0.012421112441376829,0.46153846153846156,43.12106221737422,0.12431390613317489,0.5297967031598091,0.02706097736954689
48,0.8226532590317508,9.519340776429042,0.05308992985622984,0.16901408450704225,44.02682134323763,0.12269047372043133,0.530676763355732,0.028215176835656167
49,0.7125122413858198,11.002856120425323,0.0697027141570875,0.23529411764705882,36.44343443261825,0.12139199033379555,0.5245311120152474,0.027042719218879938
50,0.507790884051104,11.460420499704469,0.022376482145462433,0.21428571428571427,33.2510769296211,0.12015583977103234,0.5331070691347122,0.02702666003257036
51,0.2445304768280654,8.523229194348698,0.011138309449450278,0.1111111111111111,33.95929225825155,0.11867489844560623,0.5083502367138862,0.035209539607167245
52,0.31917577950674014,9.04731220440362,0.028583654688186265,0.15873015873015872,32.27070425878428,0.11833263888955116,0.5169005635380745,0.029775959150865675
53,0.07097324220350387,21.791427229389082,0.008953520455041263,0.45454545454545453,51.809204515733356,0.11741996474564076,0.5148477411270141,0.02736500382423401
54,0.8084548387713352,15.77371985820603,0.011309266573642935,0.38461538461538464,53.311817279027395,0.11674118995666503,0.5142702209949493,0.03168887736275792
55,0.444478403594029,11.374846988043071,0.027999928722965275,0.23255813953488372,45.464613394640075,0.11655512772500515,0.49125268071889877,0.033520834892988204
56,0.2907343444033841,17.173392500629483,0.02942475936247364,0.3150684931506849,45.43753468204384,0.11686111681163311,0.4952650785446167,0.035382914301007984
57,0.3134341500545226,9.333455066240559,0.010690309325496201,0.1891891891891892,32.065347209108914,0.11681432090699673,0.5069396090507508,0.0372765538841486
58,0.2717148255520341,10.106136795739134,0.0037973397302586364,0.21052631578947367,41.65767909724611,0.11656283132731915,0.4966011539101601,0.03631609609350562
59,0.06740720686214885,11.505679343574341,0.00876354473010111,0.16,52.298860624553676,0.11692728497087955,0.49178735345602037,0.034315216094255446
60,0.3538159806797154,18.64387051891553,0.015430227311249047,0.3333333333333333,65.99036083917767,0.11755823642015457,0.4891646295785904,0.03673355082049966
61,0.6509678016832314,8.145998502006396,0.06440210948433116,0.09411764705882353,30.43843664245385,0.11870870843529702,0.48401964277029036,0.03600834310054779
62,0.15251854060434578,8.054722293576708,0.03784764689568455,0.1267605633802817,33.5096756523524,0.11938019923865795,0.4849677124619484,0.03679819781333208
63,0.055033823687758665,18.700017558575496,0.01908215291738389,0.28,75.53376389055087,0.12002570375800133,0.49545331090688705,0.03618173884227872
64,0.6949386117183178,23.92872084159567,0.021216754335216456,0.4090909090909091,52.098132879259715,0.12125815093517303,0.472064508497715,0.04019463289529085
65,0.4435334079908174,11.057030699873147,0.03493736307111148,0.16981132075471697,41.453786820966315,0.12277689054608346,0.4781616735458374,0.03958121232688427
66,0.6239350045951366,13.519390201721327,0.054847085045034716,0.22784810126582278,47.1471456236788,0.12397261969745159,0.4859239363670349,0.047979521322995426
67,0.5624914137108722,18.4905643464985,0.019621390725565156,0.4,50.03335613421316,0.12499199643731117,0.48886501729488374,0.04054966602474451
68,0.8787283261327729,8.344401834758955,0.051268546223391276,0.1282051282051282,45.555608379129325,0.12586332723498345,0.48672850877046586,0.039286797773092984
69,0.45875370674490656,22.43936357278933,0.018489323975955377,0.4,67.90511471363601,0.12727647930383681,0.4754830580949783,0.03731766739860177
70,0.565421288998774,13.210668667373165,0.045673341121170316,0.24561403508771928,29.9106897558867,0.12921231657266616,0.4768260124325752,0.042912033554166555
71,0.9144843745727576,10.412501933799867,0.06360758210352764,0.20270270270270271,31.768007176792974,0.13062830597162248,0.48681953966617586,0.04346227927133441
72,0.7906925742567895,14.844254008483897,0.029467253101986952,0.2926829268292683,45.9179219836425,0.1321061372756958,0.4740052369236946,0.03832165461033583
73,0.9575418740701713,7.991279373265649,0.060515931425132945,0.10975609756097561,25.786161389459473,0.1341894918680191,0.4776707589626312,0.03863334305584431
74,0.5738117906899947,2.6599959234255284,0.024362580670741492,0.011235955056179775,11.255998321057803,0.13583552062511445,0.49171922147274016,0.04177296821027994
75,0.5359466722893972,9.403668500780482,0.04730517646395094,0.1232876712328767,26.700527828874513,0.13637602865695952,0.49934457540512084,0.0386766267940402
76,0.23113116791889177,11.72412746033415,0.026990812543574112,0.2,48.40926893575226,0.13618641838431358,0.49579995453357695,0.0364387690089643
77,0.22756988140079182,14.754249789469013,0.02739912742155255,0.23728813559322035,66.9068608300798,0.13635410502552986,0.5069352498650551,0.03737851586192846
78,0.05782602260849379,14.15891410226671,0.009720533283161236,0.2702702702702703,63.136833661568275,0.13598977223038675,0.5014347594976425,0.03588399074971676
79,0.7658561325712674,8.728077797332215,0.04841652756980913,0.0958904109589041,26.608741119118108,0.13575954511761665,0.5061539715528488,0.0366747829131782
80,0.7474630110491045,16.62698117458257,0.031972549775372915,0.2608695652173913,55.48346357574582,0.13482408970594406,0.511030164361,0.0350589063949883
81,0.9261856873269303,10.387901561092567,0.008251637614075708,0.18181818181818182,49.21161677295367,0.133871169090271,0.5064634358882905,0.043691613022238014
82,0.4095052799372516,31.077548391539484,0.03410651690057693,0.5238095238095238,61.452939758048885,0.13366034060716628,0.5017627599835396,0.04917287200689316
83,0.9702628629673116,11.27809401545859,0.053013282341711696,0.1744186046511628,49.11881149951967,0.13377701684832574,0.490962031185627,0.0474668456427753
84,0.6837313005976305,10.427179909538442,0.046222522308274484,0.18421052631578946,36.66574655465808,0.13444582521915435,0.49809366077184675,0.04554414439946413
85,0.32812017482110123,14.766361463768414,0.05826527549546241,0.21212121212121213,56.40995441194624,0.13504444494843482,0.4878409028053284,0.04081003917381167
86,0.7275143086365577,17.448693958411866,0.01067599867643271,0.3076923076923077,44.37265159198568,0.13527600839734077,0.5417760559916496,0.06089880144223571
87,0.42746174159024386,17.364228184651967,0.0341862629068835,0.3283582089552239,56.61142591143199,0.12808399863541126,0.66184963285923,0.05892735857516527
88,0.9812634803578094,12.702574021065784,0.07206636328383877,0.2033898305084746,38.57893025952273,0.11939095318317414,0.6774965965747833,0.053420782964676616
89,0.3600385248230039,15.599811288749102,0.05027369963487782,0.3,47.966424925575986,0.11307073369622231,0.665710197687149,0.04455167619511485
90,0.7590676270279887,9.23802263965685,0.05096653092935458,0.15853658536585366,28.66762239614939,0.10771958515048027,0.6831915742158889,0.03768066069111228
91,0.6029866852637276,14.094140214527549,0.014011816208264674,0.22580645161290322,55.23968629925319,0.10318222805857659,0.6788917857408524,0.038026900738477705
92,0.002506690517802168,13.591969711617203,0.01594520757812233,0.20689655172413793,44.14493572862818,0.09933449521660805,0.6596944171190262,0.035015905275940895
93,0.5062215324213019,6.432877031493991,0.025089302091121694,0.08108108108108109,24.492305559273248,0.09613805182278157,0.6570784389972687,0.03507441064342856
94,0.1279200626507363,8.590191194569513,0.029873755849528342,0.14925373134328357,43.77088718761449,0.09307177267968654,0.6604917061328888,0.03281838783994317
95,0.34882302117702957,8.734083130488267,0.05782310913005774,0.11940298507462686,24.35714348477985,0.09027018532156944,0.6588274246454239,0.03338532701134682
96,0.6533640632743568,16.57204494189073,0.046284144511273974,0.29411764705882354,46.66597842690536,0.0875890950113535,0.6750603038072586,0.03076932469382882
97,0.19125693614790407,10.71402821835867,0.028343113767729147,0.22,30.409753035826053,0.08497009210288525,0.6585971456766129,0.036610172260552645
98,0.36724868066136507,15.526037994844021,0.027412100617428083,0.25,60.839445732450656,0.08260330438613891,0.6713965862989426,0.03547121157869697
99,0.0505922895814882,15.740505940805738,0.02104088960381721,0.28205128205128205,61.544863501200204,0.08039054170250892,0.6394055449962616,0.03787628585472703
100,0.687010768920048,6.225129699841423,0.022752464020906953,0.09090909090909091,25.59032478565953,0.07847742862999439,0.6440316325426102,0.034594399444758894
101,0.23595092266315254,11.30903994503534,0.04880400743210782,0.20833333333333334,33.66848359504653,0.07656543791294097,0.6598637306690216,0.033512793332338336
102,0.07341578153401807,14.03107420275686,0.025396148401958585,0.2708333333333333,52.01030695394793,0.07467003256082534,0.6441613590717316,0.03441123751923442
103,0.45831924708436356,12.056166234305376,0.03685689441543835,0.20634920634920634,45.86087856375733,0.07296159066259861,0.6464996045827865,0.03104763176292181
104,0.11763633845525368,14.625941045897651,0.012924948205490784,0.21739130434782608,54.577634428461096,0.07130765445530414,0.6338684517145157,0.033486905843019485
105,0.6607907280066697,15.832341905620506,0.039725118311390285,0.29850746268656714,44.96207379813062,0.06983717776834965,0.6264809888601303,0.03420378100126982
106,0.04194578464466936,16.759632191565135,0.023856948270940342,0.2916666666666667,67.67500716738712,0.06845652274787425,0.620778557062149,0.0329462861083448
107,0.022021540170934384,16.9923156511871,0.027994163081370593,0.3269230769230769,57.29381298318933,0.06709740675985813,0.615915065407753,0.038732442818582055
108,0.778237065680107,12.66848367509047,0.043089933792631804,0.2727272727272727,34.32325639434587,0.06590384796261788,0.6081786787509919,0.03440076185390353
109,0.3853501575496221,11.171933954674529,0.042543158795473525,0.21212121212121213,36.83584003469536,0.06475687518715859,0.6072718065977096,0.0341961426846683
110,0.34197852449750576,13.477026417497173,0.02444589494160459,0.21428571428571427,42.40501765389903,0.06362395122647285,0.6079079335927964,0.050039062798023226
111,0.6284932638920355,7.471818881615945,0.018649939728386713,0.1232876712328767,31.71710031820776,0.06250864945352078,0.6065467357635498,0.03760879406705499
112,0.30651744001291203,11.27826119812514,0.03970122414131873,0.21666666666666667,53.69798214806831,0.061304557994008066,0.6202961999177933,0.033554495610296727
113,0.2524925202791666,10.179050131236146,0.034718274707091656,0.21839080459770116,28.72185776741992,0.06005002800375223,0.6218323385715485,0.03230018820613623
114,0.3665019963314039,9.590082263858584,0.028357791316280707,0.1643835616438356,37.64294367473854,0.05884460836648941,0.6058202052116394,0.036923565063625575
115,0.032027459036792494,14.924870866892874,0.02811514549143064,0.3157894736842105,48.21570984482688,0.057849238365888594,0.5864472422003746,0.034706117641180756
116,0.24453780056893037,33.027944977517414,0.04313729153702318,0.5882352941176471,76.5590523025761,0.05695689614862204,0.5977225384116173,0.034115004632622
117,0.15477517297086518,12.992056320409674,0.028824110953978754,0.275,41.866434035338344,0.056028474383056165,0.5900851771235466,0.036432854123413565
118,0.4853856596395294,12.688944467733991,0.03141182530128559,0.19298245614035087,44.65125132207023,0.05507829826325178,0.5910073608160019,0.034228836074471476
119,0.9468971488171938,10.175044718452929,0.04614417722493055,0.20833333333333334,41.92431337870149,0.054171293899416925,0.5917199286818504,0.033818588871508834
120,0.5167242058214105,16.427796434336983,0.027704863369310107,0.34,61.38005482751096,0.05325339138507843,0.5897150564193726,0.03697418535128236
121,0.6699667260911998,17.546016671061615,0.036336636191108974,0.2894736842105263,47.97564494930561,0.052362958081066606,0.5865387201309205,0.03786314455792308
122,0.7187852224408005,10.953298508751272,0.018689352452162866,0.17307692307692307,53.968613673385036,0.05153322048485279,0.5833843722939491,0.03758072493597865
123,0.5769977775958515,8.13720459155404,0.0449904348174541,0.1111111111111111,30.645900612644787,0.05074421372264624,0.5660193127393722,0.04052924109622836
124,0.9652976604748729,17.312371218831938,0.06128568343844255,0.4,50.280652588117455,0.050166070088744165,0.5549278882145882,0.03842471465468407
125,0.6794658752338834,15.899574748330089,0.05941941523237438,0.2,66.21773363661114,0.0495448200404644,0.5716657292842865,0.03600434010848403
126,0.4248741477316582,16.154513078994,0.05290816776250869,0.28125,42.48769581483617,0.048835374787449835,0.5664848381280899,0.03481641978025436
127,0.8269964640638665,22.522645929516422,0.023643856827041648,0.3673469387755102,79.72274928877104,0.04812472186982632,0.5595692139863968,0.04031187886372209
128,0.9328085900160074,10.342187327698968,0.07267425794290802,0.14705882352941177,48.572127952589334,0.04749145336449146,0.562672121822834,0.042494940999895335
129,0.8840180941062288,7.50028170066093,0.05280462892690586,0.0958904109589041,28.43431381555288,0.046868653036653996,0.5657035851478577,0.0440485667437315
130,0.10061718749611004,16.27405370231875,0.02378020883059718,0.26785714285714285,62.53475191984869,0.04614198867231607,0.576768026649952,0.04071102827787399
131,0.09536247135722242,10.651414580812805,0.016419035365008675,0.24074074074074073,50.85219049917574,0.04533873599022627,0.5742320573329925,0.04008820880204439
132,0.8071215569960382,14.457772895385114,0.02913696645898686,0.22413793103448276,52.82535457235515,0.044670348912477495,0.5513562074303627,0.03862597916275263
133,0.33817994014405495,8.119758912107516,0.028081983371572673,0.1125,26.607747399856837,0.04405259970575571,0.5670882335305214,0.04205762105062604
134,0.6083845982779019,12.790688511534682,0.042255351344199624,0.24324324324324326,52.382714456353874,0.043435996398329735,0.5450517112016677,0.04027333604171872
135,0.49024302109910656,14.116442297909945,0.04133384423796683,0.25396825396825395,35.57785482915983,0.04295810110867024,0.553811961710453,0.0421740236505866
136,0.29131325775732253,10.139321478949087,0.03794567056370653,0.2,30.65215188471304,0.04229598693549633,0.5908144092559815,0.060031046811491254
137,0.678216270171168,15.303886920103071,0.04341174589706032,0.2903225806451613,49.046022585449414,0.041056452766060826,0.6439050561189652,0.04655550433322787
138,0.5981335450874117,15.142495504862245,0.05056296171717863,0.3142857142857143,39.03465426312238,0.03974724777042866,0.6470389419794083,0.03921471061185002
139,0.8775326254634455,9.781718648249054,0.06707087924023139,0.08771929824561403,31.43919081035083,0.03840760096907616,0.6493708270788193,0.034402392227202656
140,0.38686218476338186,13.502752943842117,0.04067767062998661,0.2222222222222222,33.58584286463276,0.03728345144540071,0.6366254937648773,0.03343744920566678
141,0.7241592494677688,9.349257592920761,0.06996184072541618,0.14285714285714285,48.03266989781905,0.03620299339294433,0.6455424970388413,0.0318596669472754
142,0.056120391459283936,10.214735865822798,0.030500399918868805,0.10344827586206896,38.15449143135999,0.03517791971564293,0.6415928623080254,0.031991973612457515
143,0.11333171026643785,22.56657450987679,0.01330902766046193,0.3076923076923077,73.72860290414584,0.03425100911408663,0.6340108841657639,0.030434441976249216
144,0.8717985819029832,11.520207516332796,0.06066702127030637,0.1323529411764706,46.782809909759806,0.03344031613320112,0.6188335967063904,0.03436683690175414
145,0.46964435593683396,5.3068170951729225,0.038118977860582055,0.06756756756756757,25.65483454743358,0.032634194418787954,0.6366493713855743,0.029543374460190536
146,0.1506076415446097,10.332006521474478,0.015869732741269023,0.15789473684210525,38.662078174896344,0.031854925788939,0.6274358999729156,0.03240516569465399
147,0.10170919607322282,12.728948132284767,0.011708490766825808,0.175,56.6652385403514,0.031088929902762175,0.6283609360456467,0.03152931081131101
148,0.7142483516620372,5.754860747947566,0.04318597879887422,0.03125,17.189978863837627,0.03036873523145914,0.6309207665920258,0.03152372259646654
149,0.19164470219196428,13.848427548135883,0.03659899583312431,0.23943661971830985,45.99206319184504,0.02965359013527632,0.6344160079956055,0.030447606556117536
150,0.02189186084249506,10.257590962599835,0.021625949724127656,0.1794871794871795,27.182120135668427,0.028959013260900973,0.6269064146280289,0.03271867336705327
151,0.9138261670786201,11.567709642268202,0.055135117991088695,0.19230769230769232,36.82719739478643,0.028331597484648228,0.6178620254993439,0.0317887394875288
152,0.1058743889470608,13.057465183676811,0.012457164590130012,0.24615384615384617,50.75712098592155,0.027726029194891453,0.6172857344150543,0.03044961603358388
153,0.7779512485988175,9.561209632651332,0.07303020476574837,0.10112359550561797,37.28981254897987,0.027138506043702364,0.6241775768995285,0.031328537706285714
154,0.015675139611178612,20.576038611298337,0.0051757715539531655,0.35294117647058826,75.76384140365485,0.02656503239646554,0.6119125699996948,0.03159479452297091
155,0.786567904448108,10.266678760505494,0.0403551787874352,0.136986301369863,45.63992143634957,0.02605242157354951,0.6102242720127106,0.03364701872691512
156,0.8624324764484959,9.84523072157838,0.05490555427472647,0.13253012048192772,43.24228286064228,0.025520579144358634,0.6164004877209663,0.032669337652623656
157,0.10392053348908037,16.87277096437877,0.02233066126965064,0.2857142857142857,59.89363256313017,0.024994844980537893,0.6208721321821212,0.030999456327408553
158,0.7941515743941137,8.74350583881538,0.05140850651182403,0.15,29.561088903252713,0.0244733058847487,0.6072397017478943,0.03179909298196435
159,0.24658721960328567,17.256261071792462,0.04226214821726062,0.3488372093023256,45.47241794984211,0.024010299164801838,0.6041895437240601,0.02981252836063504
160,0.16751734241100857,10.715808477023765,0.024253931470824643,0.17647058823529413,41.3227025454037,0.02359520683065057,0.5902927637100219,0.03181551270186901
161,0.988905325192349,7.913079289573258,0.08386200869373452,0.08888888888888889,25.55399020940162,0.02318636352196336,0.5979420816898346,0.0318907012231648
162,0.5529349158169566,18.317396770001857,0.042170109080871675,0.2962962962962963,75.63179229087102,0.022779066357761623,0.5974768409132958,0.03122612662613392
163,0.6114729780326699,3.4390113349116183,0.06567762372484884,0.012195121951219513,12.231319550896194,0.02237330188974738,0.5930914920568466,0.0317590406909585
164,0.1357960203248031,24.308440947509073,0.014093849253616392,0.43243243243243246,72.99790596066532,0.021940482407808305,0.5997858572006226,0.03018565842881799
165,0.9516373845590683,5.704088924316908,0.06839190315973372,0.05813953488372093,20.14767258866625,0.02155107567086816,0.5900472342967987,0.03346773849800229
166,0.43790227747716925,10.338658789236163,0.0392830856756278,0.16,48.883375716890654,0.021184677835553885,0.593318672478199,0.03294357635080814
167,0.31540213155564867,16.330310625375454,0.03939990366476271,0.3728813559322034,45.96403058236983,0.020798339080065488,0.5924521723389625,0.03290027499198914
168,0.33672658072432937,13.477236162323997,0.044272920001168586,0.2564102564102564,44.503037559508535,0.020413302537053823,0.5952154210209847,0.030509489104151726
169,0.28781586063575937,8.819294272093792,0.029070504622637914,0.11842105263157894,32.77229629379106,0.02001899614930153,0.595352945625782,0.03166751947253942
170,0.9342051239088499,10.797189231372089,0.053569531645131896,0.18292682926829268,27.25281103381016,0.01970508409664035,0.5707375702261924,0.02949262784793973
171,0.17181438028228557,16.29421801711129,0.01987562296632068,0.2631578947368421,81.47285026449208,0.019381632469594477,0.5879702439904213,0.029571915846318006
172,0.9252785689897771,3.568374722274655,0.06032024012753107,0.0,13.539966113750053,0.01905040955170989,0.5755597352981567,0.03135815545916557
173,0.9160712524425282,15.208748043508692,0.07369228624134955,0.2911392405063291,50.76359775908716,0.01874163353815675,0.5847147545218467,0.03182080388069153
174,0.935475486961698,3.8686597856209595,0.06384208708393442,0.0,11.488826534674127,0.01841738648712635,0.5805644273757935,0.03397753415629268
175,0.11855286256089814,15.489680756285713,0.03208093680403965,0.34375,41.823584071229575,0.018131476435810326,0.5668236783146858,0.03393402382731438
176,0.3614335956665464,8.63980805353024,0.0302120521491166,0.07692307692307693,31.44932974438764,0.017860772255808115,0.5738070094585419,0.03065563127398491
177,0.1589704859378127,14.845995117973338,0.021642192928627804,0.24,59.41139033308673,0.017595336120575667,0.5656320810317993,0.035368521511554715
178,0.14912840922129333,10.1699859738016,0.03400742137339114,0.17647058823529413,46.41654792473799,0.0173245282843709,0.5679631355404854,0.035182677954435346
179,0.15228983229591309,7.9596461526896745,0.015404307707324597,0.14705882352941177,29.610719250017734,0.017054819948971272,0.5626178228855133,0.033776989970356226
180,0.8886102660608103,16.67472484932138,0.08153474352484957,0.35714285714285715,40.273666769708115,0.016821828559041022,0.5678919860720635,0.03454470627009869
181,0.3651414260777348,11.472377389707946,0.03562610535684042,0.23076923076923078,32.08976824925447,0.016549632605165242,0.5682453879714012,0.03191130427643657
182,0.9142783203689796,1.7191729430214635,0.03963117957701909,0.0,7.854388460052295,0.01630444286391139,0.5500598791241645,0.030903737433254717
183,0.24910252735837157,14.960989325651536,0.03559776821198274,0.23529411764705882,60.07875242241822,0.016100597251206637,0.5604977136850358,0.033724500965327024
184,0.618497560233632,2.646794881602937,0.04792105219568436,0.021505376344086023,12.35715290400437,0.015864431392401457,0.556140892803669,0.032552293017506596
185,0.7149810838636915,6.6757628791319705,0.07992120996490294,0.10638297872340426,27.448219290421935,0.015683643221855163,0.5307661631703376,0.0320674610324204
186,0.3612316852523909,13.402208681090356,0.05311258486515015,0.22727272727272727,55.23536440993766,0.015541382599622011,0.5444537571072579,0.03100220125168562
187,0.2605500129311551,15.656426599175763,0.0465654208541824,0.23943661971830985,60.90616583077755,0.015379787823185324,0.5301391634345055,0.03083847973495722
188,0.44971293760246056,10.986719248586374,0.04678444899682573,0.1794871794871795,42.96029150107124,0.015241198539733887,0.5412103325128556,0.033876200765371324
189,0.1848173581929693,13.125917176091747,0.011497725430630592,0.20833333333333334,39.68586311134373,0.015050511304289103,0.5486055174469948,0.03967487087473273
190,0.7953994298073351,8.356495517276777,0.09785829773266404,0.10112359550561797,23.34766247290584,0.014882997004315257,0.5252414584159851,0.035819421615451576
191,0.7048503178819525,6.250665042617628,0.07632710508796714,0.06382978723404255,25.206243126111804,0.014737079655751585,0.544318650662899,0.03538249401375651
192,0.9383319772631453,11.36478820213582,0.06391336433749555,0.21176470588235294,33.604632210346956,0.014571281475946307,0.5266597402095795,0.033050044141709804
193,0.9131382091228957,22.37379991080414,0.13189532063851622,0.5625,53.63313900676356,0.014443682488054038,0.5356606531143189,0.03175143674015999
194,0.2204798586105201,12.628933174529898,0.02367617922320385,0.24444444444444444,47.55572575975326,0.014317373372614383,0.5210382232069969,0.031348432321101426
195,0.6246765421088432,6.556246241876427,0.07185082416180992,0.09195402298850575,24.767457852594795,0.014205254251137375,0.5282279935479164,0.03428212253376842
196,0.26430782904153816,6.721061006684392,0.02878175753476582,0.09210526315789473,26.61682263553626,0.014050297690555453,0.5272712871432305,0.03392047192901373
197,0.1807341610871649,8.480127446223634,0.019291109823975996,0.1864406779661017,35.52721743284299,0.013966566286981105,0.5231271022558213,0.03146998323500157
198,0.1957783918687318,21.11253197806568,0.03778265824994257,0.3333333333333333,67.66795773095212,0.01382947562262416,0.5264675152301789,0.03313358409330249
199,0.0030391603326216377,13.029583677582304,0.02109415675067785,0.25,44.88272469621654,0.01370508042164147,0.525001317858696,0.03475740259513259
200,0.14742863369454273,13.612734410927644,0.023463586248329206,0.2647058823529412,48.76867425562832,0.013601740980520844,0.5121184086799622,0.033299854490906
201,0.43360003019721816,9.216880053820853,0.04188532943942755,0.15384615384615385,30.603810101129316,0.013555530207231641,0.5110254198312759,0.03381781425327063
202,0.527792401983725,11.07869570039026,0.04930842119319292,0.13043478260869565,38.534292986903466,0.013492089230567217,0.5058322730660438,0.031167264468967913
203,0.41438067465458284,9.665342036019155,0.05880226780103646,0.15151515151515152,28.32743342091249,0.013430261388421058,0.5212523946166039,0.03640582542866468
204,0.4786423473377851,12.919575983513457,0.03209375658447187,0.19607843137254902,51.198935721029535,0.013351004011929036,0.5126518335938454,0.03573193922638893
205,0.11793927992942721,17.075704879452932,0.023791985850984194,0.3111111111111111,63.05243604467047,0.01330255115404725,0.5084184920787811,0.03680698813870549
206,0.18816072857616617,9.563453086723769,0.02336853250381583,0.18181818181818182,43.63095596341896,0.013200943861156701,0.5245465296506882,0.03353516625240445
207,0.174972747646313,7.526912740303057,0.03068492901216837,0.12698412698412698,28.111593216155846,0.013092768639326095,0.5051681193709373,0.032813173905014995
208,0.7488476626589354,8.1432328413294,0.0568428555435237,0.1095890410958904,25.215524792744972,0.013091455968096853,0.505325368642807,0.0359250707551837
209,0.38217496194679945,10.219040926180371,0.022441462380684576,0.17073170731707318,42.156485737485646,0.013033525887876748,0.5060209214687348,0.035543894972652194
210,0.42842841858586467,9.366675316484566,0.041289541283251255,0.18421052631578946,33.979278312474705,0.012990509252995252,0.5157694411277771,0.03466764893382788
211,0.0620380438532675,10.051056382781784,0.009219172308108778,0.1951219512195122,37.19093979494037,0.012902828687801958,0.5039091980457306,0.03164271218702197
212,0.024273093038662874,14.358543103703498,0.018832744311134512,0.3142857142857143,37.90188640624823,0.012939858734607696,0.49233821481466294,0.03327274575829506
213,0.07291440401926408,20.420365500609034,0.01787313885836708,0.4166666666666667,66.79113632984294,0.01295360567048192,0.5077815771102905,0.03316715713590383
214,0.8374631022664336,14.684445838306237,0.08044481600207438,0.2857142857142857,43.510355032479474,0.012870276849716901,0.508714115023613,0.03443782554939389
215,0.5993957328692078,15.054071287894821,0.05382922989877789,0.2916666666666667,50.17892989347331,0.012783678285777568,0.5157340797781944,0.03230096073821187
216,0.3861237100418705,11.121283613448314,0.022084583436254586,0.23214285714285715,43.74032280241653,0.012695819521322847,0.5137348309159279,0.03243416303768754
217,0.4282805375616694,14.20482866522641,0.04493934194938671,0.30985915492957744,43.547445088169226,0.012628302052617073,0.5065913614630699,0.031230114791542293
218,0.6160268411052455,3.6388507002784456,0.06691656584261574,0.01020408163265306,13.393795942439516,0.012614266686141492,0.5009976646304131,0.03288793319836259
219,0.8650674978806362,10.812890629532422,0.06386252608686523,0.18518518518518517,29.577367474145127,0.012584345368668436,0.5114820235967636,0.031378347631543874
220,0.7116993535388054,14.385513000797324,0.06698362991536316,0.3013698630136986,35.77446118368002,0.012537024142220616,0.5015080389380455,0.030707761980593204
221,0.3008962858362211,7.019430784555392,0.042683491574489224,0.09836065573770492,31.290313004983368,0.012500888127833605,0.5138185724616051,0.031179814394563438
222,0.09937153265725274,6.811888227641035,0.01998445610226218,0.10909090909090909,30.69347343400114,0.012387901935726404,0.5097857317328454,0.03223460905253887
223,0.6263569634682133,8.258522966020454,0.039048993673346015,0.14666666666666667,31.435129266819104,0.0123660474922508,0.49903003305196764,0.03214234318584204
224,0.41971477750421793,10.278384348048704,0.04636310382910219,0.2112676056338028,32.59419096646275,0.0123104218672961,0.5225013044476509,0.03050015913322568
225,0.9910850173597308,7.727383216682154,0.06192827304979983,0.056338028169014086,29.2445262667527,0.012200288278982042,0.4971979856491089,0.030773559231311084
226,0.7234535598424258,14.10154403213537,0.045615528218604234,0.26153846153846155,44.103789117554854,0.01226830749772489,0.49291820973157885,0.03237060192972421
227,0.3893066609239014,17.080855583601586,0.0520247137718278,0.29310344827586204,50.821926927327425,0.012244068989530206,0.5091573596000671,0.03373563392087817
228,0.24792160142913244,14.015975712000424,0.024177903837303148,0.25,51.574162564035106,0.012179700965061784,0.5133917826414108,0.033636006359010935
229,0.325414784465459,9.434724226114339,0.0414131507409308,0.16393442622950818,44.23170181202329,0.012083697570487857,0.5119159287214279,0.032870018873363736
230,0.6391312060517729,11.7366132734775,0.045927156052917854,0.21333333333333335,36.714876210092335,0.012069658813998104,0.49744352370500566,0.032970788273960355
231,0.4301137112178942,10.987000688519567,0.02855291546991071,0.14545454545454545,35.12926884868416,0.012014804203063249,0.5182066574692726,0.03253289304673672
232,0.8219290154934893,3.9100082709880453,0.07627274636109921,0.010638297872340425,12.474294504704455,0.011882542781531811,0.518187104165554,0.03309801615774632
233,0.7036014150168449,9.235130805361617,0.05464048512828802,0.12903225806451613,45.3357661658384,0.011777626890689135,0.5144001489877701,0.03238433416932821
234,0.6171097420833989,10.778644515296326,0.03671195778485043,0.15714285714285714,40.91556160040276,0.01171669458039105,0.5083159393072129,0.033123105596750975
235,0.5853245431333117,10.943970291833427,0.04058320334643978,0.19642857142857142,51.63036474365503,0.011603279523551464,0.5114836624264717,0.030864066444337368
236,0.4568995193652122,20.44934439454867,0.03771741647163539,0.4375,61.710684823051935,0.011528595425188541,0.5083976501226425,0.035824345983564855
237,0.9013057543412873,13.719293562567472,0.06255857049742415,0.26,29.759771639243123,0.011467995839193463,0.5229914382100105,0.034419274032115935
238,0.6009052623227296,13.352622566905104,0.04264686495402971,0.234375,39.94436899982966,0.011350546637549997,0.5166716352105141,0.030067199356853962
239,0.17503816474153222,8.399411638900073,0.02662607601574269,0.10344827586206896,28.12694837782244,0.011233393223956228,0.5130698257684707,0.03460277583450079
240,0.3350108546593281,12.321633228842632,0.027835298009317555,0.22388059701492538,46.3150529565352,0.011142505193129182,0.5115252912044526,0.03344115512445569
241,0.8299907411300723,13.196938415689209,0.03873988997970215,0.24,64.25565946152523,0.011053089369088411,0.5154131028056145,0.031693365070968864
242,0.9463811492463355,10.71571198830986,0.07089303863483758,0.19736842105263158,29.797160057510382,0.01098653458058834,0.5082724660634994,0.035370479431003334
243,0.8504639529646127,10.534794992065686,0.06806790819759974,0.15294117647058825,37.197023743894704,0.010930802151560783,0.5102132445573807,0.03567428518086672
244,0.9527770333453226,9.59264582971313,0.050054470244507675,0.1125,48.652497833534554,0.010855916244909168,0.507369019985199,0.029807088673114778
245,0.6701809889513931,13.135825162543531,0.033018661100041265,0.2631578947368421,43.37679566284091,0.010816220454871654,0.5014098566770554,0.03094952495768666
246,0.5090436918823792,12.217374496134946,0.02139522435548405,0.2777777777777778,42.04931203682004,0.010814029863104225,0.5080682247877121,0.031059541162103414
247,0.23818308097590568,6.606493212518099,0.02476691949861271,0.057692307692307696,21.074240210517313,0.010766658987849951,0.507053037583828,0.032383019495755436
248,0.7184226591784195,15.386803657670544,0.04808344350828326,0.2857142857142857,48.46190426029016,0.010711643509566784,0.5020781660079956,0.03176847852766514
249,0.6428398616337085,9.987951651268991,0.04350286367373848,0.1794871794871795,38.42034600245036,0.010778933903202415,0.4800604432821274,0.033489776831120255
250,0.8265333204444445,7.920417391261321,0.08020644740860046,0.125,27.390724456302287,0.01082555959932506,0.5079171511530877,0.031000450029969217
251,0.31211591419107776,18.059923948879085,0.03243795838939165,0.3387096774193548,53.73543782018966,0.010833502784371375,0.49414086520671846,0.03095009656623006
252,0.8220253455338098,5.662333765762034,0.052653671620722695,0.07608695652173914,27.157869929505342,0.01085010340437293,0.49437582820653914,0.03248471211642027
253,0.9570526548807888,17.14335678270499,0.05421994428380059,0.25,57.83227770033627,0.010915126595646142,0.4889085868000984,0.030136318877339363
254,0.7332441288783285,11.671447567248446,0.04198141534285998,0.1875,58.78080369171298,0.010960593307390808,0.4909017691016197,0.03498063175007701
255,0.8310271729475803,11.387115450204757,0.02763852737545721,0.14285714285714285,47.488422329618935,0.0110127735696733,0.5028146713972091,0.03300721047446132
256,0.07911835444079629,12.370105664153373,0.013243863769047853,0.17777777777777778,56.19651510247669,0.01096364550292492,0.5059613415598869,0.0335963168554008
257,0.9643682827031381,11.788994690105081,0.05252700261494343,0.21153846153846154,38.846077192028055,0.010965591538697481,0.4969980934262276,0.03198981877416372
258,0.18355961299591517,10.98110036641624,0.017810252895937212,0.19230769230769232,53.53691960844127,0.010990202231332659,0.48586866676807405,0.03639024224132299
259,0.10273858100375477,14.243359653493995,0.02535398740168831,0.25,55.05743015668965,0.01106841566041112,0.4899801015853882,0.03311863344162703
260,0.723804936424989,9.541471975043008,0.05691517412913186,0.18571428571428572,39.63781191272444,0.011178291160613299,0.4846694713830948,0.03262819582596421
261,0.011601336021390463,13.949525330162055,0.026158127044498488,0.2608695652173913,51.680858668658615,0.011296492107212543,0.48390113830566406,0.030087848473340274
262,0.8780034611698728,9.00859081325381,0.04965286976110348,0.13333333333333333,38.96206482535004,0.011352251581847668,0.4959419825673103,0.03303636969998479
263,0.6181791203071592,4.381718671306249,0.046925004480258034,0.0449438202247191,15.531635940959948,0.011398363281041385,0.4992473229765892,0.03098185658454895
264,0.8759260237165105,12.108613966440915,0.0587721579024277,0.22535211267605634,35.69792300166887,0.011447373945266008,0.48362770557403567,0.03130669279024005
265,0.44822592844338793,13.41559539300517,0.05208090277220524,0.2638888888888889,45.17259381915345,0.011551813939586281,0.48618721663951875,0.0317585714161396
266,0.8289806808791408,4.766311627672764,0.046785611898196036,0.06593406593406594,22.360984545031542,0.011681785872206092,0.4857669535279274,0.03221777305006981
267,0.8131314814100215,15.88445890486547,0.05600283120148129,0.3157894736842105,54.58094827863427,0.011763434130698443,0.4967361441254616,0.03125420555472374
268,0.05623598050480627,13.158515327028327,0.011937256396728636,0.2,51.69167928175005,0.011770006669685244,0.4990256130695343,0.034523421321064236
269,0.9067596393326005,8.737523181772133,0.06309026322259353,0.12222222222222222,33.911898246850235,0.01175830613821745,0.4992185470461845,0.03403174519538879
270,0.2696010735987331,10.21804754158347,0.02970483318550382,0.16901408450704225,35.11404413643937,0.011793179782107472,0.4901068970561028,0.034868423081934455
271,0.8914250868058944,17.908412087989408,0.04841432809003842,0.38333333333333336,41.50451986536454,0.011853324305266142,0.4939396756887436,0.03158881226554513
272,0.5830050604209583,11.27933395882845,0.059134596979293075,0.19736842105263158,38.5645818870141,0.011947119543328881,0.4939361304044724,0.03357090601697564
273,0.8540673431487931,4.11153884066977,0.07873605953855682,0.0,11.706859217675778,0.011934080012142658,0.5022385030984878,0.035214874353259804
274,0.02578562674704188,16.890957990534144,0.02664456230526631,0.2857142857142857,56.725425430059744,0.011881841057911515,0.5114667636156082,0.03379360891878605
275,0.4850684927613992,3.7379211449804624,0.060150961507002734,0.042105263157894736,19.202922880445332,0.011782863112166524,0.5072805711627006,0.032691923528909685
276,0.6568511394788079,10.295529728833925,0.06691476082959885,0.23684210526315788,30.317153963866254,0.011798544889315962,0.49273707419633866,0.03224610302597284
277,0.4387828963903364,8.522188591813036,0.021901956759092567,0.13793103448275862,36.42746118333296,0.011834380719810723,0.49653090924024584,0.032334173489362
278,0.9058032579395157,8.10902957205316,0.07992874561055362,0.04819277108433735,19.458569768590994,0.011842231564223767,0.506938883960247,0.0348834678158164
279,0.30472442991303483,19.26667141086373,0.018684588255864453,0.34210526315789475,57.13524970695018,0.011882000649347902,0.47758646368980406,0.033983256425708534
280,0.46852060824886976,10.972530002829254,0.021072150460714666,0.18518518518518517,59.459984186710926,0.012093495083972812,0.47342116981744764,0.03333197180181742
281,0.22200206160597125,15.606774199618837,0.028424264178395314,0.25,68.25854359783315,0.012276319842785597,0.483514002263546,0.031676974687725304
282,0.5869053184127698,18.872478139636755,0.04536221448732308,0.4888888888888889,41.4117104608754,0.012425215430557728,0.47751868307590484,0.03334523405879736
283,0.847306266792407,18.783112800336507,0.04718410243345701,0.4,47.4276219554955,0.012527143387123942,0.49615249305963516,0.03196823531761765
284,0.6654883917293009,14.592289331713035,0.04232633042116838,0.2033898305084746,51.055250173907126,0.012628323305398226,0.473751425743103,0.032879669908434155
285,0.5344728543956848,11.814792659498101,0.05571053298622887,0.18461538461538463,36.1009788426711,0.012825158955529332,0.482516240477562,0.0330159923620522
286,0.760117108940315,17.113571779755958,0.045808548472764096,0.3150684931506849,63.32697864365918,0.012948090508580208,0.49269622027873994,0.03253987876698375
287,0.693874578182103,17.847045850925436,0.04023597161153181,0.2641509433962264,80.1238267289156,0.013077691830694675,0.47810294806957243,0.03552963053807616
288,0.4375731304536954,14.878995334013542,0.028123797879699156,0.24444444444444444,49.7184074627741,0.013191498517990112,0.4924226847290993,0.03512242561206222
289,0.40380635739934945,9.107280178899577,0.0253159878778797,0.15217391304347827,32.72779743468818,0.013322789091616868,0.4753917238116264,0.03246339133009315
290,0.35202179892883145,10.302041621828867,0.02884919291251997,0.19696969696969696,36.48028188237881,0.013520608777180315,0.4840328872203827,0.033475498184561726
291,0.10391239815534714,17.852784901367208,0.033125288171541964,0.32,66.79068072730432,0.013646925184875727,0.48023188441991804,0.03450847629457712
292,0.5822169378774926,9.140016286566947,0.061898131863275224,0.125,22.62850348748132,0.013904411680996417,0.472767117023468,0.034086469653993846
293,0.8926485368457975,2.1575002640305514,0.06666604398655111,0.0,8.051815585241572,0.014090638887137175,0.4815478312969208,0.032008393108844756
294,0.23536468055827398,14.41995394975937,0.028464000979981197,0.20634920634920634,65.00637581900752,0.014210730958729982,0.48907180786132814,0.031312980446964504
295,0.28353421343118,22.706523463816414,0.03636812803886953,0.4186046511627907,55.711725822010436,0.014366404917091131,0.4754567387700081,0.032115349732339385
296,0.9789617713749771,12.84151705595009,0.04760780899082161,0.25,50.9925938179997,0.014545267233625054,0.4948776891827583,0.03527874829247594
297,0.1476717991451757,8.914642499899754,0.013660319472226783,0.1956521739130435,46.50916397985371,0.014581332989037037,0.5021360251307487,0.031956453546881675
298,0.08588173961029655,15.906022758597036,0.018964962210216176,0.2909090909090909,51.86438024322835,0.014526604916900396,0.5026498228311539,0.0318723863363266
299,0.3196953953971443,13.691051331007406,0.0273749490730183,0.21818181818181817,60.387996457240476,0.014566612718626857,0.48401226580142975,0.033939147125929596
